{"cameraMode":{"drawMode":0,"name":"Shaded","section":"Shading Mode"},"sceneLighting":false,"audioPlay":false,"sceneViewState":{"showFog":true,"showMaterialUpdate":false,"showSkybox":false,"showFlares":true,"showImageEffects":true,"showParticleSystems":true},"in2DMode":false,"pivot":{"x":-0.03184489160776138,"y":-0.22136496007442475,"z":1.0752209424972535},"rotation":{"x":0.0028764577582478525,"y":0.986987829208374,"z":0.017767705023288728,"w":-0.15978595614433289},"size":0.05049753189086914,"orthographic":false}