{"cameraMode":{"drawMode":0,"name":"Shaded","section":"Shading Mode"},"sceneLighting":false,"audioPlay":false,"sceneViewState":{"showFog":true,"showMaterialUpdate":false,"showSkybox":false,"showFlares":true,"showImageEffects":true,"showParticleSystems":true},"in2DMode":false,"pivot":{"x":0.014327697455883026,"y":-0.23420624434947968,"z":1.0748480558395386},"rotation":{"x":0.03862951323390007,"y":0.9024465084075928,"z":-0.0828050971031189,"w":0.42100194096565249},"size":0.05049753189086914,"orthographic":false}