{"cameraMode":{"drawMode":0,"name":"Shaded","section":"Shading Mode"},"sceneLighting":true,"audioPlay":false,"sceneViewState":{"showFog":true,"showMaterialUpdate":false,"showSkybox":true,"showFlares":true,"showImageEffects":true,"showParticleSystems":true},"in2DMode":false,"pivot":{"x":-1.8499224185943604,"y":0.1792401671409607,"z":5.0117034912109379},"rotation":{"x":0.016588184982538224,"y":0.9726306200027466,"z":-0.07338737696409226,"w":0.21984976530075074},"size":1.660475492477417,"orthographic":false}