{"cameraMode":{"drawMode":0,"name":"Shaded","section":"Shading Mode"},"sceneLighting":true,"audioPlay":false,"sceneViewState":{"showFog":true,"showMaterialUpdate":false,"showSkybox":true,"showFlares":true,"showImageEffects":true,"showParticleSystems":true},"in2DMode":false,"pivot":{"x":0.35438108444213869,"y":-1.1979167461395264,"z":0.16427242755889893},"rotation":{"x":-0.07969363033771515,"y":0.7948079109191895,"z":-0.10699233412742615,"w":-0.592015266418457},"size":4.466025352478027,"orthographic":false}