{"cameraMode":{"drawMode":0,"name":"Shaded","section":"Shading Mode"},"sceneLighting":true,"audioPlay":false,"sceneViewState":{"showFog":true,"showMaterialUpdate":false,"showSkybox":true,"showFlares":true,"showImageEffects":true,"showParticleSystems":true},"in2DMode":false,"pivot":{"x":0.4619966745376587,"y":1.7163861989974976,"z":-4.27292013168335},"rotation":{"x":0.07847674190998078,"y":0.8525790572166443,"z":-0.13409191370010377,"w":0.4989683926105499},"size":23.143016815185548,"orthographic":false}