{"cameraMode":{"drawMode":0,"name":"Shaded","section":"Shading Mode"},"sceneLighting":true,"audioPlay":false,"sceneViewState":{"showFog":true,"showMaterialUpdate":false,"showSkybox":true,"showFlares":true,"showImageEffects":true,"showParticleSystems":true},"in2DMode":false,"pivot":{"x":-0.8411598205566406,"y":0.26999998092651369,"z":1.2300000190734864},"rotation":{"x":0.1785556972026825,"y":0.39053642749786379,"z":-0.07749773561954498,"w":0.8997761011123657},"size":3.537851095199585,"orthographic":true}