{"cameraMode":{"drawMode":0,"name":"Shaded","section":"Shading Mode"},"sceneLighting":true,"audioPlay":false,"sceneViewState":{"showFog":true,"showMaterialUpdate":false,"showSkybox":true,"showFlares":true,"showImageEffects":true,"showParticleSystems":true},"in2DMode":false,"pivot":{"x":-0.7514419555664063,"y":1.725341796875,"z":-5.243867874145508},"rotation":{"x":-0.04423922672867775,"y":0.41274434328079226,"z":0.020078113302588464,"w":0.9095526337623596},"size":2.9599499702453615,"orthographic":true}